date,match,competition,duration,team,scheme,goals,xg,shots_total,shots_on_target,shots_on_target_pct,passes_total,passes_accurate,passes_accurate_pct,possession_pct,losses_total,losses_low,losses_mid,losses_high,recoveries_total,recoveries_low,recoveries_mid,recoveries_high,duels_total,duels_won,duels_won_pct,competition_clean,home_team,away_team,score,goals_home_x,goals_away_x,is_home,goals_for,goals_against,result,opponent_context,game_intensity,passes_per_possession,long_pass_pct,ppda,avg_shot_distance,avg_pass_length,goals_home_y,goals_away_y,forward_passes,forward_passes_accurate,forward_passes_accurate_pct,back_passes,back_passes_accurate,back_passes_accurate_pct,lateral_passes,lateral_passes_accurate,lateral_passes_accurate_pct,long_passes,long_passes_accurate,long_passes_accurate_pct,final_third_passes,final_third_passes_accurate,final_third_passes_accurate_pct,progressive_passes,progressive_passes_accurate,progressive_passes_accurate_pct,smart_passes,smart_passes_accurate,smart_passes_accurate_pct,throw_ins,throw_ins_accurate,throw_ins_accurate_pct,goal_kicks,goals_conceded,shots_against,shots_against_on_target,shots_against_on_target_pct,def_duels,def_duels_won,def_duels_won_pct,aerial_duels,aerial_duels_won,aerial_duels_won_pct,tackles,tackles_successful,tackles_successful_pct,interceptions,clearances,fouls,yellow_cards,red_cards,positional_attacks,positional_attacks_with_shots,positional_attacks_with_shots_pct,counter_attacks,counter_attacks_with_shots,counter_attacks_with_shots_pct,corners,corners_with_shots,corners_with_shots_pct,free_kicks,free_kicks_with_shots,free_kicks_with_shots_pct,penalties,penalties_converted,penalties_converted_pct,crosses,crosses_accurate,crosses_accurate_pct,off_duels,off_duels_won,off_duels_won_pct,offsides,club
2026-03-08,Benfica - Porto 2:2,Portugal. Primeira Liga,106,Porto,4-3-3,2,2.0,15,7.0,46.67,327,268.0,81.96,42.58,114,32.0,46.0,36.0,81,45.0,26.0,10.0,234,102.0,43.59,Liga Portugal,Benfica,Porto,2:2,2.0,2.0,False,2.0,2.0,Draw,balanced,15.71,3.48,12.23,9.62,18.35,19.69,2.0,2.0,120,87.0,72.5,64,60.0,93.75,87,75.0,86.21,40,25.0,62.5,33,20.0,60.61,58,38.0,65.52,0,0.0,0.0,17,16.0,94.12,7,2,20,5.0,25.0,99,60.0,60.61,27,9.0,33.33,3,2.0,66.67,62,26,17,7,0,22,10.0,45.45,1,1.0,100.0,2,2.0,100.0,1,0.0,0.0,0,0.0,0.0,5,2.0,40.0,74,21.0,28.38,1,Porto
2026-02-27,Porto - Arouca 3:1,Portugal. Primeira Liga,104,Porto,4-3-3,3,3.07,19,7.0,36.84,490,426.0,86.94,53.54,105,11.0,33.0,61.0,80,19.0,38.0,23.0,184,90.0,48.91,Liga Portugal,Porto,Arouca,3:1,3.0,1.0,True,3.0,1.0,Win,dominant,16.52,4.54,5.71,7.64,17.56,18.43,3.0,1.0,157,126.0,80.25,65,59.0,90.77,187,170.0,90.91,28,17.0,60.71,49,40.0,81.63,83,66.0,79.52,3,0.0,0.0,29,29.0,100.0,3,1,6,1.0,16.67,45,33.0,73.33,43,21.0,48.84,2,1.0,50.0,28,7,10,0,0,49,14.0,28.57,0,0.0,0.0,5,0.0,0.0,1,1.0,100.0,1,1.0,100.0,22,8.0,36.36,76,29.0,38.16,2,Porto
2026-02-22,Porto - Rio Ave 1:0,Portugal. Primeira Liga,99,Porto,4-1-4-1,1,2.81,15,3.0,20.0,456,392.0,85.96,56.56,110,11.0,36.0,63.0,96,22.0,54.0,20.0,213,101.0,47.42,Liga Portugal,Porto,Rio Ave,1:0,1.0,0.0,True,1.0,0.0,Win,dominant,14.77,4.22,5.26,7.16,17.93,17.39,1.0,0.0,155,124.0,80.0,69,62.0,89.86,131,120.0,91.6,24,18.0,75.0,56,48.0,85.71,68,56.0,82.35,0,0.0,0.0,22,21.0,95.45,5,0,6,1.0,16.67,68,39.0,57.35,31,21.0,67.74,7,5.0,71.43,27,9,14,2,0,43,12.0,27.91,0,0.0,0.0,10,3.0,30.0,0,0.0,0.0,0,0.0,0.0,20,5.0,25.0,79,26.0,32.91,2,Porto
2026-02-15,Nacional - Porto 0:1,Portugal. Primeira Liga,102,Porto,4-3-3,1,1.0,8,5.0,62.5,328,258.0,78.66,54.37,105,22.0,39.0,44.0,81,27.0,39.0,15.0,201,108.0,53.73,Liga Portugal,Nacional,Porto,0:1,0.0,1.0,False,1.0,0.0,Win,dominant,13.9,3.31,10.67,7.43,16.21,18.94,0.0,1.0,130,89.0,68.46,33,32.0,96.97,113,101.0,89.38,35,14.0,40.0,44,28.0,63.64,50,32.0,64.0,3,1.0,33.33,25,18.0,72.0,5,0,8,3.0,37.5,53,32.0,60.38,60,35.0,58.33,4,2.0,50.0,33,22,11,0,0,33,4.0,12.12,0,0.0,0.0,8,4.0,50.0,3,0.0,0.0,0,0.0,0.0,21,3.0,14.29,73,35.0,47.95,5,Porto
2026-02-09,Porto - Sporting CP 1:1,Portugal. Primeira Liga,107,Porto,5-3-2,1,1.75,9,1.0,11.11,369,312.0,84.55,42.96,90,18.0,27.0,45.0,66,27.0,29.0,10.0,165,79.0,47.88,Liga Portugal,Porto,Sporting CP,1:1,1.0,1.0,True,1.0,1.0,Draw,balanced,16.63,4.73,5.15,11.3,18.58,15.92,1.0,1.0,121,89.0,73.55,69,64.0,92.75,104,93.0,89.42,19,9.0,47.37,44,26.0,59.09,48,35.0,72.92,0,0.0,0.0,16,14.0,87.5,8,1,11,3.0,27.27,66,40.0,60.61,22,11.0,50.0,1,0.0,0.0,36,18,14,3,0,26,8.0,30.77,0,0.0,0.0,1,0.0,0.0,2,0.0,0.0,0,0.0,0.0,11,4.0,36.36,50,15.0,30.0,1,Porto
2026-02-02,Casa Pia AC - Porto 2:1,Portugal. Primeira Liga,104,Porto,4-3-3,1,1.74,14,5.0,35.71,575,496.0,86.26,65.83,112,6.0,31.0,75.0,88,22.0,46.0,20.0,185,96.0,51.89,Liga Portugal,Casa Pia AC,Porto,2:1,2.0,1.0,False,1.0,2.0,Loss,dominant,17.3,5.28,5.74,4.84,14.69,16.24,2.0,1.0,178,133.0,74.72,85,81.0,95.29,191,176.0,92.15,33,20.0,60.61,97,84.0,86.6,88,75.0,85.23,1,0.0,0.0,24,20.0,83.33,3,2,5,3.0,60.0,55,36.0,65.45,31,18.0,58.06,5,0.0,0.0,24,7,14,2,1,47,9.0,19.15,0,0.0,0.0,10,3.0,30.0,4,0.0,0.0,0,0.0,0.0,31,10.0,32.26,67,28.0,41.79,3,Porto
2026-01-26,Porto - Gil Vicente 3:0,Portugal. Primeira Liga,96,Porto,4-3-3,3,2.45,13,6.0,46.15,432,364.0,84.26,60.88,100,15.0,44.0,41.0,76,24.0,39.0,13.0,162,80.0,49.38,Liga Portugal,Porto,Gil Vicente,3:0,3.0,0.0,True,3.0,0.0,Win,dominant,15.79,4.15,7.18,5.71,17.27,18.39,3.0,0.0,144,112.0,77.78,61,52.0,85.25,164,154.0,93.9,31,18.0,58.06,43,29.0,67.44,68,51.0,75.0,1,0.0,0.0,19,18.0,94.74,6,0,11,5.0,45.45,54,35.0,64.81,30,19.0,63.33,1,1.0,100.0,35,15,13,2,0,24,7.0,29.17,3,2.0,66.67,11,2.0,18.18,0,0.0,0.0,1,1.0,100.0,8,1.0,12.5,50,16.0,32.0,3,Porto
2026-01-18,Vitória Guimarães - Porto 0:1,Portugal. Primeira Liga,102,Porto,4-3-3,1,2.51,12,3.0,25.0,393,317.0,80.66,51.72,122,30.0,42.0,50.0,82,47.0,26.0,9.0,213,103.0,48.36,Liga Portugal,Vitória Guimarães,Porto,0:1,0.0,1.0,False,1.0,0.0,Win,dominant,15.92,3.85,9.41,7.39,18.63,18.01,0.0,1.0,166,126.0,75.9,52,50.0,96.15,120,98.0,81.67,37,24.0,64.86,58,43.0,74.14,82,56.0,68.29,0,0.0,0.0,18,16.0,88.89,7,0,15,3.0,20.0,85,53.0,62.35,41,17.0,41.46,3,0.0,0.0,40,11,15,2,0,25,7.0,28.0,0,0.0,0.0,1,0.0,0.0,4,0.0,0.0,2,1.0,50.0,10,1.0,10.0,70,27.0,38.57,2,Porto
2026-01-04,Santa Clara - Porto 0:1,Portugal. Primeira Liga,97,Porto,4-3-3,1,1.21,8,5.0,62.5,405,338.0,83.46,54.56,106,22.0,30.0,54.0,82,41.0,25.0,16.0,208,102.0,49.04,Liga Portugal,Santa Clara,Porto,0:1,0.0,1.0,False,1.0,0.0,Win,dominant,14.76,3.75,6.42,6.47,18.93,18.38,0.0,1.0,137,97.0,70.8,67,61.0,91.04,149,141.0,94.63,26,13.0,50.0,60,42.0,70.0,62,48.0,77.42,1,0.0,0.0,14,9.0,64.29,8,0,12,0.0,0.0,80,44.0,55.0,33,16.0,48.48,3,0.0,0.0,39,26,22,4,0,27,6.0,22.22,0,0.0,0.0,7,0.0,0.0,1,0.0,0.0,0,0.0,0.0,10,3.0,30.0,65,27.0,41.54,2,Porto
2025-12-29,Porto - AVS  2:0,Portugal. Primeira Liga,97,Porto,4-3-3,2,1.92,15,4.0,26.67,551,468.0,84.94,70.26,124,15.0,24.0,85.0,96,34.0,38.0,24.0,203,101.0,49.75,Liga Portugal,Porto,AVS,2:0,2.0,0.0,True,2.0,0.0,Win,dominant,15.3,5.51,6.35,4.28,16.26,17.95,2.0,0.0,171,128.0,74.85,68,63.0,92.65,226,209.0,92.48,35,14.0,40.0,87,60.0,68.97,66,53.0,80.3,3,2.0,66.67,23,23.0,100.0,6,0,7,1.0,14.29,53,38.0,71.7,54,28.0,51.85,5,1.0,20.0,42,9,8,1,0,48,11.0,22.92,0,0.0,0.0,8,2.0,25.0,4,1.0,25.0,1,1.0,100.0,22,10.0,45.45,73,26.0,35.62,1,Porto
2025-12-22,Alverca - Porto 0:3,Portugal. Primeira Liga,93,Porto,4-3-3,3,1.19,12,6.0,50.0,512,443.0,86.52,59.49,97,10.0,25.0,62.0,78,34.0,27.0,17.0,210,106.0,50.48,Liga Portugal,Alverca,Porto,0:3,0.0,3.0,False,3.0,0.0,Win,dominant,16.32,5.39,8.98,5.76,17.89,17.39,0.0,3.0,176,145.0,82.39,79,77.0,97.47,171,146.0,85.38,46,27.0,58.7,70,50.0,71.43,70,58.0,82.86,1,1.0,100.0,18,17.0,94.44,4,0,7,5.0,71.43,86,54.0,62.79,24,15.0,62.5,2,2.0,100.0,37,18,12,1,0,36,10.0,27.78,0,0.0,0.0,1,1.0,100.0,1,0.0,0.0,0,0.0,0.0,18,6.0,33.33,78,26.0,33.33,3,Porto
2025-12-15,Porto - Estrela Amadora 3:1,Portugal. Primeira Liga,98,Porto,4-3-3,3,4.38,20,7.0,35.0,548,481.0,87.77,59.21,113,8.0,41.0,64.0,82,20.0,37.0,25.0,200,92.0,46.0,Liga Portugal,Porto,Estrela Amadora,3:1,3.0,1.0,True,3.0,1.0,Win,dominant,18.29,5.43,6.02,5.12,14.01,18.13,3.0,1.0,181,147.0,81.22,101,94.0,93.07,182,165.0,90.66,33,17.0,51.52,54,41.0,75.93,83,72.0,86.75,0,0.0,0.0,24,21.0,87.5,3,1,5,1.0,20.0,73,41.0,56.16,31,15.0,48.39,4,1.0,25.0,36,8,13,1,0,37,15.0,40.54,0,0.0,0.0,4,2.0,50.0,3,0.0,0.0,1,1.0,100.0,18,7.0,38.89,76,27.0,35.53,1,Porto
2025-12-07,Tondela - Porto 0:2,Portugal. Primeira Liga,97,Porto,4-3-3,2,2.47,11,5.0,45.45,640,563.0,87.97,76.96,107,21.0,20.0,66.0,68,25.0,24.0,19.0,161,80.0,49.69,Liga Portugal,Tondela,Porto,0:2,0.0,2.0,False,2.0,0.0,Win,dominant,14.62,7.36,5.47,6.38,14.19,18.01,0.0,2.0,142,105.0,73.94,80,78.0,97.5,310,288.0,92.9,35,17.0,48.57,70,49.0,70.0,67,56.0,83.58,1,0.0,0.0,22,22.0,100.0,8,0,12,2.0,16.67,48,31.0,64.58,34,16.0,47.06,1,1.0,100.0,27,12,10,1,0,28,10.0,35.71,0,0.0,0.0,4,1.0,25.0,1,0.0,0.0,0,0.0,0.0,19,4.0,21.05,55,18.0,32.73,2,Porto
2025-11-30,Porto - Estoril 1:0,Portugal. Primeira Liga,97,Porto,4-1-4-1,1,1.44,9,6.0,66.67,442,363.0,82.13,54.16,122,29.0,48.0,45.0,85,43.0,31.0,11.0,180,90.0,50.0,Liga Portugal,Porto,Estoril,1:0,1.0,0.0,True,1.0,0.0,Win,dominant,14.99,4.56,8.82,8.13,14.68,16.78,1.0,0.0,174,120.0,68.97,72,68.0,94.44,119,109.0,91.6,39,22.0,56.41,47,29.0,61.7,69,37.0,53.62,4,0.0,0.0,17,17.0,100.0,8,0,11,2.0,18.18,74,49.0,66.22,23,12.0,52.17,1,0.0,0.0,48,21,14,1,0,20,6.0,30.0,3,1.0,33.33,5,2.0,40.0,1,0.0,0.0,0,0.0,0.0,7,3.0,42.86,59,16.0,27.12,3,Porto
2025-11-09,Famalicão - Porto 0:1,Portugal. Primeira Liga,98,Porto,4-4-1-1,1,1.86,19,6.0,31.58,415,355.0,85.54,57.59,102,21.0,28.0,53.0,83,32.0,33.0,18.0,224,110.0,49.11,Liga Portugal,Famalicão,Porto,0:1,0.0,1.0,False,1.0,0.0,Win,dominant,13.62,3.92,11.08,7.05,19.48,20.26,0.0,1.0,152,117.0,76.97,59,55.0,93.22,159,146.0,91.82,46,27.0,58.7,54,36.0,66.67,73,58.0,79.45,3,1.0,33.33,15,14.0,93.33,5,0,9,1.0,11.11,72,49.0,68.06,30,16.0,53.33,1,0.0,0.0,33,13,13,2,0,34,14.0,41.18,1,0.0,0.0,4,1.0,25.0,2,1.0,50.0,0,0.0,0.0,12,5.0,41.67,97,32.0,32.99,3,Porto
2025-11-02,Porto - Sporting Braga 2:1,Portugal. Primeira Liga,96,Porto,4-1-4-1,2,0.74,9,4.0,44.44,290,228.0,78.62,32.67,98,18.0,43.0,37.0,78,33.0,34.0,11.0,154,68.0,44.16,Liga Portugal,Porto,Sporting Braga,2:1,2.0,1.0,True,2.0,1.0,Win,dominant,16.99,3.45,15.52,12.71,26.57,21.2,2.0,1.0,121,81.0,66.94,49,47.0,95.92,88,78.0,88.64,45,26.0,57.78,35,18.0,51.43,61,38.0,62.3,4,1.0,25.0,13,11.0,84.62,6,1,11,3.0,27.27,60,38.0,63.33,28,13.0,46.43,1,0.0,0.0,36,15,15,3,0,18,8.0,44.44,0,0.0,0.0,2,0.0,0.0,0,0.0,0.0,0,0.0,0.0,5,1.0,20.0,47,14.0,29.79,2,Porto
2025-10-27,Moreirense - Porto 1:2,Portugal. Primeira Liga,108,Porto,4-3-3,2,2.21,15,8.0,53.33,498,420.0,84.34,64.97,106,13.0,20.0,73.0,79,22.0,39.0,18.0,227,118.0,51.98,Liga Portugal,Moreirense,Porto,1:2,1.0,2.0,False,2.0,1.0,Win,dominant,14.44,4.61,8.63,6.07,16.99,19.17,1.0,2.0,144,103.0,71.53,56,53.0,94.64,232,209.0,90.09,43,15.0,34.88,64,39.0,60.94,60,44.0,73.33,1,1.0,100.0,26,20.0,76.92,3,1,7,1.0,14.29,74,47.0,63.51,38,22.0,57.89,6,3.0,50.0,44,11,13,2,0,42,7.0,16.67,2,1.0,50.0,7,2.0,28.57,4,1.0,25.0,1,1.0,100.0,20,5.0,25.0,93,35.0,37.63,5,Porto
2025-10-05,Porto - Benfica 0:0,Portugal. Primeira Liga,97,Porto,4-2-3-1,0,1.17,9,2.0,22.22,425,361.0,84.94,57.89,100,13.0,23.0,64.0,73,18.0,35.0,20.0,186,90.0,48.39,Liga Portugal,Porto,Benfica,0:0,0.0,0.0,True,0.0,0.0,Draw,balanced,13.49,5.38,4.71,7.97,16.78,17.54,0.0,0.0,139,98.0,70.5,78,76.0,97.44,140,129.0,92.14,20,10.0,50.0,42,25.0,59.52,51,43.0,84.31,4,1.0,25.0,24,17.0,70.83,3,0,3,1.0,33.33,70,44.0,62.86,27,16.0,59.26,2,2.0,100.0,29,8,15,6,0,33,8.0,24.24,0,0.0,0.0,3,0.0,0.0,0,0.0,0.0,0,0.0,0.0,13,4.0,30.77,66,17.0,25.76,0,Porto
2025-09-29,Arouca - Porto 0:4,Portugal. Primeira Liga,96,Porto,4-3-3,4,2.14,15,6.0,40.0,392,332.0,84.69,55.55,103,29.0,38.0,36.0,69,30.0,26.0,13.0,159,88.0,55.35,Liga Portugal,Arouca,Porto,0:4,0.0,4.0,False,4.0,0.0,Win,dominant,14.15,4.22,7.14,10.22,17.16,18.2,0.0,4.0,122,92.0,75.41,65,61.0,93.85,128,116.0,90.63,28,18.0,64.29,38,26.0,68.42,61,38.0,62.3,2,0.0,0.0,15,11.0,73.33,9,0,11,3.0,27.27,43,29.0,67.44,35,19.0,54.29,1,0.0,0.0,26,20,8,2,1,30,10.0,33.33,1,0.0,0.0,8,1.0,12.5,4,1.0,25.0,0,0.0,0.0,16,5.0,31.25,60,28.0,46.67,2,Porto
2025-09-19,Rio Ave - Porto 0:3,Portugal. Primeira Liga,96,Porto,4-1-4-1,3,2.11,15,7.0,46.67,480,419.0,87.29,52.63,87,19.0,23.0,45.0,68,32.0,22.0,14.0,164,80.0,48.78,Liga Portugal,Rio Ave,Porto,0:3,0.0,3.0,False,3.0,0.0,Win,dominant,17.26,5.58,7.29,8.97,16.49,19.05,0.0,3.0,148,118.0,79.73,87,87.0,100.0,185,164.0,88.65,35,20.0,57.14,53,41.0,77.36,67,49.0,73.13,2,0.0,0.0,14,8.0,57.14,2,0,7,2.0,28.57,60,31.0,51.67,21,15.0,71.43,2,2.0,100.0,27,10,18,1,0,31,9.0,29.03,0,0.0,0.0,10,3.0,30.0,2,0.0,0.0,0,0.0,0.0,15,4.0,26.67,58,21.0,36.21,0,Porto
2025-09-13,Porto - Nacional 1:0,Portugal. Primeira Liga,103,Porto,4-3-3,1,1.77,10,4.0,40.0,519,429.0,82.66,68.12,127,9.0,51.0,67.0,100,24.0,58.0,18.0,215,93.0,43.26,Liga Portugal,Porto,Nacional,1:0,1.0,0.0,True,1.0,0.0,Win,dominant,15.37,4.94,9.06,5.81,17.48,20.12,1.0,0.0,153,109.0,71.24,75,70.0,93.33,215,198.0,92.09,47,25.0,53.19,64,42.0,65.63,72,54.0,75.0,0,0.0,0.0,33,32.0,96.97,4,0,5,1.0,20.0,54,34.0,62.96,42,17.0,40.48,0,0.0,0.0,35,12,6,2,0,34,5.0,14.71,2,2.0,100.0,5,0.0,0.0,3,0.0,0.0,1,1.0,100.0,13,1.0,7.69,86,27.0,31.4,3,Porto
2025-08-30,Sporting CP - Porto 1:2,Portugal. Primeira Liga,99,Porto,4-2-3-1,2,1.42,14,7.0,50.0,321,273.0,85.05,47.1,99,22.0,39.0,38.0,78,29.0,38.0,11.0,232,111.0,47.84,Liga Portugal,Sporting CP,Porto,1:2,1.0,2.0,False,2.0,1.0,Win,balanced,13.58,3.28,10.59,8.28,21.07,18.52,1.0,2.0,111,86.0,77.48,47,43.0,91.49,119,105.0,88.24,34,22.0,64.71,30,24.0,80.0,52,39.0,75.0,0,0.0,0.0,17,16.0,94.12,14,1,22,4.0,18.18,80,46.0,57.5,38,24.0,63.16,3,2.0,66.67,57,12,14,5,0,24,10.0,41.67,1,1.0,100.0,3,0.0,0.0,2,0.0,0.0,0,0.0,0.0,10,2.0,20.0,91,33.0,36.26,1,Porto
2025-08-24,Porto - Casa Pia AC 4:0,Portugal. Primeira Liga,94,Porto,4-3-3,4,2.9,19,7.0,36.84,551,493.0,89.47,65.09,90,9.0,24.0,57.0,70,16.0,31.0,23.0,169,77.0,45.56,Liga Portugal,Porto,Casa Pia AC,4:0,4.0,0.0,True,4.0,0.0,Win,dominant,16.62,5.86,4.54,6.89,15.33,16.71,4.0,0.0,150,125.0,83.33,84,82.0,97.62,215,196.0,91.16,25,19.0,76.0,48,39.0,81.25,55,43.0,78.18,0,0.0,0.0,21,20.0,95.24,6,0,7,0.0,0.0,57,36.0,63.16,25,12.0,48.0,2,1.0,50.0,30,5,11,3,0,42,13.0,30.95,0,0.0,0.0,7,5.0,71.43,1,0.0,0.0,0,0.0,0.0,14,5.0,35.71,64,23.0,35.94,3,Porto
2025-08-18,Gil Vicente - Porto 0:2,Portugal. Primeira Liga,103,Porto,5-3-2,2,1.55,14,4.0,28.57,476,421.0,88.45,60.35,97,24.0,26.0,47.0,69,33.0,24.0,12.0,179,76.0,42.46,Liga Portugal,Gil Vicente,Porto,0:2,0.0,2.0,False,2.0,0.0,Win,dominant,15.36,5.53,6.09,6.17,18.1,18.39,0.0,2.0,149,118.0,79.19,72,68.0,94.44,195,184.0,94.36,29,19.0,65.52,39,26.0,66.67,60,44.0,73.33,0,0.0,0.0,20,18.0,90.0,7,0,11,1.0,9.09,57,33.0,57.89,30,17.0,56.67,5,1.0,20.0,30,9,20,4,0,24,8.0,33.33,2,2.0,100.0,5,2.0,40.0,1,0.0,0.0,0,0.0,0.0,12,5.0,41.67,66,19.0,28.79,1,Porto
2025-08-11,Porto - Vitória Guimarães 3:0,Portugal. Primeira Liga,97,Porto,4-1-3-2,3,2.65,17,9.0,52.94,391,335.0,85.68,48.96,90,17.0,30.0,43.0,67,20.0,30.0,17.0,147,69.0,46.94,Liga Portugal,Porto,Vitória Guimarães,3:0,3.0,0.0,True,3.0,0.0,Win,dominant,16.2,4.55,9.72,8.0,18.45,18.67,3.0,0.0,122,90.0,73.77,62,59.0,95.16,137,128.0,93.43,38,18.0,47.37,41,23.0,56.1,54,40.0,74.07,0,0.0,0.0,9,8.0,88.89,6,0,8,1.0,12.5,43,23.0,53.49,29,19.0,65.52,2,0.0,0.0,35,17,18,1,0,22,10.0,45.45,0,0.0,0.0,7,3.0,42.86,2,1.0,50.0,0,0.0,0.0,8,3.0,37.5,52,18.0,34.62,2,Porto
2026-03-08,Benfica - Porto 2:2,Portugal. Primeira Liga,106,Benfica,4-2-3-1,2,1.89,20,5.0,25.0,451,369.0,81.82,57.42,115,14.0,33.0,68.0,83,24.0,41.0,18.0,234,124.0,52.99,Liga Portugal,Benfica,Porto,2:2,2.0,2.0,True,2.0,2.0,Draw,balanced,16.07,3.96,6.21,7.29,18.69,20.72,2.0,2.0,163,129.0,79.14,49,46.0,93.88,178,152.0,85.39,28,12.0,42.86,68,54.0,79.41,79,64.0,81.01,0,0.0,0.0,20,19.0,95.0,6,2,15,7.0,46.67,74,53.0,71.62,27,17.0,62.96,8,3.0,37.5,31,12,10,3,0,42,16.0,38.1,0,0.0,0.0,8,1.0,12.5,5,1.0,20.0,0,0.0,0.0,27,5.0,18.52,99,39.0,39.39,0,Benfica
2026-03-02,Gil Vicente - Benfica 1:2,Portugal. Primeira Liga,96,Benfica,4-4-2,2,1.1,10,5.0,50.0,364,292.0,80.22,53.94,120,24.0,30.0,66.0,67,19.0,33.0,15.0,192,92.0,47.92,Liga Portugal,Gil Vicente,Benfica,1:2,1.0,2.0,False,2.0,1.0,Win,balanced,13.9,3.64,9.89,8.94,13.92,19.14,1.0,2.0,119,78.0,65.55,45,40.0,88.89,151,133.0,88.08,36,15.0,41.67,46,32.0,69.57,51,33.0,64.71,1,1.0,100.0,24,22.0,91.67,10,1,13,5.0,38.46,72,33.0,45.83,43,27.0,62.79,2,1.0,50.0,29,18,13,3,0,30,8.0,26.67,0,0.0,0.0,3,1.0,33.33,3,1.0,33.33,0,0.0,0.0,13,4.0,30.77,59,25.0,42.37,0,Benfica
2026-02-21,Benfica - AVS  3:0,Portugal. Primeira Liga,96,Benfica,4-4-1-1,3,4.27,22,10.0,45.45,545,477.0,87.52,65.1,111,20.0,26.0,65.0,88,27.0,38.0,23.0,199,98.0,49.25,Liga Portugal,Benfica,AVS,3:0,3.0,0.0,True,3.0,0.0,Win,balanced,16.63,5.09,6.06,8.07,16.45,18.95,3.0,0.0,154,130.0,84.42,91,87.0,95.6,210,185.0,88.1,33,19.0,57.58,75,61.0,81.33,88,77.0,87.5,0,0.0,0.0,18,16.0,88.89,4,0,4,1.0,25.0,51,34.0,66.67,42,18.0,42.86,3,3.0,100.0,33,19,7,0,0,48,13.0,27.08,0,0.0,0.0,10,5.0,50.0,2,0.0,0.0,0,0.0,0.0,28,10.0,35.71,83,35.0,42.17,4,Benfica
2026-02-13,Santa Clara - Benfica 1:2,Portugal. Primeira Liga,97,Benfica,4-4-2,2,1.79,10,3.0,30.0,369,288.0,78.05,42.61,137,33.0,47.0,57.0,108,43.0,44.0,21.0,216,105.0,48.61,Liga Portugal,Santa Clara,Benfica,1:2,1.0,2.0,False,2.0,1.0,Win,balanced,17.47,3.32,7.59,9.5,14.96,17.44,1.0,2.0,143,104.0,72.73,47,46.0,97.87,116,94.0,81.03,28,14.0,50.0,41,28.0,68.29,79,53.0,67.09,1,0.0,0.0,27,23.0,85.19,2,1,9,2.0,22.22,66,44.0,66.67,44,22.0,50.0,3,1.0,33.33,54,15,5,2,0,26,5.0,19.23,0,0.0,0.0,7,1.0,14.29,4,1.0,25.0,0,0.0,0.0,16,5.0,31.25,80,31.0,38.75,1,Benfica
2026-02-08,Benfica - Alverca 2:1,Portugal. Primeira Liga,101,Benfica,4-1-3-2,2,2.35,25,9.0,36.0,483,403.0,83.44,60.97,98,14.0,16.0,68.0,88,31.0,41.0,16.0,213,99.0,46.48,Liga Portugal,Benfica,Alverca,2:1,2.0,1.0,True,2.0,1.0,Win,balanced,17.27,3.93,8.49,7.45,18.74,19.91,2.0,1.0,164,129.0,78.66,58,55.0,94.83,202,177.0,87.62,41,25.0,60.98,75,58.0,77.33,94,78.0,82.98,2,1.0,50.0,20,20.0,100.0,3,1,6,2.0,33.33,58,38.0,65.52,46,15.0,32.61,2,0.0,0.0,22,8,12,3,0,50,16.0,32.0,1,0.0,0.0,9,3.0,33.33,8,2.0,25.0,0,0.0,0.0,27,8.0,29.63,84,36.0,42.86,1,Benfica
2026-02-01,Tondela - Benfica 0:0,Portugal. Primeira Liga,100,Benfica,4-2-3-1,0,2.08,20,9.0,45.0,594,501.0,84.34,74.96,127,9.0,37.0,81.0,82,18.0,38.0,26.0,222,112.0,50.45,Liga Portugal,Tondela,Benfica,0:0,0.0,0.0,False,0.0,0.0,Draw,balanced,16.32,4.75,5.89,8.06,18.73,17.11,0.0,0.0,185,148.0,80.0,72,64.0,88.89,223,198.0,88.79,35,24.0,68.57,82,73.0,89.02,95,82.0,86.32,1,1.0,100.0,35,32.0,91.43,13,0,6,1.0,16.67,56,37.0,66.07,40,16.0,40.0,0,0.0,0.0,20,9,5,0,0,51,13.0,25.49,0,0.0,0.0,13,2.0,15.38,6,0.0,0.0,0,0.0,0.0,31,15.0,48.39,98,46.0,46.94,0,Benfica
2026-01-25,Benfica - Estrela Amadora 4:0,Portugal. Primeira Liga,96,Benfica,4-2-3-1,4,2.55,15,8.0,53.33,473,405.0,85.62,63.52,110,6.0,47.0,57.0,84,23.0,43.0,18.0,212,115.0,54.25,Liga Portugal,Benfica,Estrela Amadora,4:0,4.0,0.0,True,4.0,0.0,Win,balanced,15.44,4.83,5.92,5.11,16.04,17.61,4.0,0.0,154,117.0,75.97,68,62.0,91.18,167,152.0,91.02,28,16.0,57.14,52,43.0,82.69,75,63.0,84.0,1,0.0,0.0,19,17.0,89.47,3,0,2,0.0,0.0,57,41.0,71.93,43,21.0,48.84,3,1.0,33.33,35,6,10,3,0,33,6.0,18.18,0,0.0,0.0,6,1.0,16.67,4,1.0,25.0,1,1.0,100.0,20,4.0,20.0,92,45.0,48.91,1,Benfica
2026-01-17,Rio Ave - Benfica 0:2,Portugal. Primeira Liga,100,Benfica,4-2-3-1,2,2.59,24,8.0,33.33,605,540.0,89.26,61.55,86,13.0,16.0,57.0,72,18.0,32.0,22.0,185,108.0,58.38,Liga Portugal,Rio Ave,Benfica,0:2,0.0,2.0,False,2.0,0.0,Win,balanced,18.71,5.65,7.27,7.25,17.44,16.82,0.0,2.0,190,157.0,82.63,95,92.0,96.84,221,203.0,91.86,44,23.0,52.27,78,61.0,78.21,80,71.0,88.75,1,0.0,0.0,16,15.0,93.75,3,0,7,2.0,28.57,73,52.0,71.23,19,8.0,42.11,1,0.0,0.0,39,9,8,2,0,48,15.0,31.25,1,1.0,100.0,11,8.0,72.73,1,0.0,0.0,0,0.0,0.0,18,10.0,55.56,74,38.0,51.35,0,Benfica
2026-01-03,Benfica - Estoril 3:1,Portugal. Primeira Liga,97,Benfica,4-2-3-1,3,2.2,19,3.0,15.79,410,347.0,84.63,52.5,109,11.0,37.0,61.0,89,27.0,43.0,19.0,187,101.0,54.01,Liga Portugal,Benfica,Estoril,3:1,3.0,1.0,True,3.0,1.0,Win,balanced,16.17,4.77,8.05,8.18,19.26,18.68,3.0,1.0,120,85.0,70.83,66,64.0,96.97,151,138.0,91.39,33,20.0,60.61,50,39.0,78.0,60,51.0,85.0,1,0.0,0.0,11,10.0,90.91,6,1,8,5.0,62.5,66,42.0,63.64,32,16.0,50.0,1,1.0,100.0,29,11,12,0,0,25,13.0,52.0,0,0.0,0.0,7,3.0,42.86,2,0.0,0.0,1,1.0,100.0,9,5.0,55.56,68,29.0,42.65,2,Benfica
2025-12-28,Sporting Braga - Benfica 2:2,Portugal. Primeira Liga,103,Benfica,4-2-3-1,2,0.71,14,6.0,42.86,480,394.0,82.08,50.76,103,12.0,50.0,41.0,70,32.0,29.0,9.0,164,94.0,57.32,Liga Portugal,Sporting Braga,Benfica,2:2,2.0,2.0,False,2.0,2.0,Draw,balanced,17.45,5.27,7.92,12.5,17.81,18.62,2.0,2.0,162,110.0,67.9,74,69.0,93.24,163,146.0,89.57,38,19.0,50.0,43,28.0,65.12,74,48.0,64.86,0,0.0,0.0,20,20.0,100.0,2,2,7,2.0,28.57,53,38.0,71.7,34,20.0,58.82,1,0.0,0.0,35,6,9,2,0,23,6.0,26.09,1,1.0,100.0,5,3.0,60.0,2,1.0,50.0,0,0.0,0.0,12,5.0,41.67,55,23.0,41.82,1,Benfica
2025-12-22,Benfica - Famalicão 1:0,Portugal. Primeira Liga,100,Benfica,4-2-3-1,1,1.31,9,6.0,66.67,528,467.0,88.45,54.27,105,11.0,48.0,46.0,82,35.0,39.0,8.0,193,104.0,53.89,Liga Portugal,Benfica,Famalicão,1:0,1.0,0.0,True,1.0,0.0,Win,balanced,17.14,5.18,7.2,8.0,17.81,19.1,1.0,0.0,152,117.0,76.97,96,94.0,97.92,212,199.0,93.87,38,24.0,63.16,59,47.0,79.66,60,44.0,73.33,0,0.0,0.0,18,18.0,100.0,2,0,3,2.0,66.67,62,43.0,69.35,28,14.0,50.0,3,1.0,33.33,44,16,11,0,0,26,5.0,19.23,0,0.0,0.0,5,1.0,20.0,4,0.0,0.0,1,1.0,100.0,8,2.0,25.0,85,40.0,47.06,1,Benfica
2025-12-14,Moreirense - Benfica 0:4,Portugal. Primeira Liga,99,Benfica,4-2-3-1,4,1.24,10,5.0,50.0,452,398.0,88.05,46.14,96,25.0,36.0,35.0,73,20.0,38.0,15.0,181,92.0,50.83,Liga Portugal,Moreirense,Benfica,0:4,0.0,4.0,False,4.0,0.0,Win,balanced,17.96,4.91,8.19,13.52,15.63,19.63,0.0,4.0,132,100.0,75.76,87,85.0,97.7,177,166.0,93.79,37,22.0,59.46,51,38.0,74.51,68,48.0,70.59,1,0.0,0.0,13,12.0,92.31,3,0,9,2.0,22.22,64,38.0,59.38,29,16.0,55.17,0,0.0,0.0,31,17,15,0,0,31,9.0,29.03,0,0.0,0.0,4,1.0,25.0,2,0.0,0.0,0,0.0,0.0,7,3.0,42.86,70,28.0,40.0,1,Benfica
2025-12-05,Benfica - Sporting CP 1:1,Portugal. Primeira Liga,99,Benfica,4-4-2,1,0.88,8,4.0,50.0,345,294.0,85.22,45.63,91,10.0,38.0,43.0,83,24.0,40.0,19.0,207,116.0,56.04,Liga Portugal,Benfica,Sporting CP,1:1,1.0,1.0,True,1.0,1.0,Draw,balanced,14.52,4.01,8.7,8.5,19.61,18.75,1.0,1.0,106,82.0,77.36,66,61.0,92.42,125,109.0,87.2,30,19.0,63.33,32,22.0,68.75,43,31.0,72.09,1,1.0,100.0,16,13.0,81.25,3,1,5,2.0,40.0,92,66.0,71.74,24,13.0,54.17,4,3.0,75.0,36,14,15,2,1,22,5.0,22.73,0,0.0,0.0,3,0.0,0.0,4,0.0,0.0,0,0.0,0.0,13,4.0,30.77,62,27.0,43.55,2,Benfica
2025-11-29,Nacional - Benfica 1:2,Portugal. Primeira Liga,103,Benfica,4-2-3-1,2,3.4,30,8.0,26.67,581,486.0,83.65,66.88,122,12.0,25.0,85.0,91,22.0,40.0,29.0,213,99.0,46.48,Liga Portugal,Nacional,Benfica,1:2,1.0,2.0,False,2.0,1.0,Win,balanced,17.01,4.92,6.2,6.07,16.76,17.65,1.0,2.0,185,133.0,71.89,74,72.0,97.3,239,213.0,89.12,36,18.0,50.0,81,59.0,72.84,87,70.0,80.46,0,0.0,0.0,33,32.0,96.97,6,1,7,2.0,28.57,45,27.0,60.0,57,22.0,38.6,6,4.0,66.67,25,8,8,2,0,56,22.0,39.29,0,0.0,0.0,11,4.0,36.36,2,1.0,50.0,0,0.0,0.0,33,10.0,30.3,84,40.0,47.62,1,Benfica
2025-11-09,Benfica - Casa Pia AC 2:2,Portugal. Primeira Liga,100,Benfica,4-2-3-1,2,1.9,16,6.0,37.5,566,492.0,86.93,64.2,94,8.0,20.0,66.0,73,19.0,34.0,20.0,134,58.0,43.28,Liga Portugal,Benfica,Casa Pia AC,2:2,2.0,2.0,True,2.0,2.0,Draw,balanced,17.37,6.36,7.07,9.14,19.87,18.75,2.0,2.0,155,119.0,76.77,84,79.0,94.05,232,218.0,93.97,40,26.0,65.0,87,70.0,80.46,66,55.0,83.33,3,0.0,0.0,21,20.0,95.24,1,2,6,5.0,83.33,41,27.0,65.85,33,13.0,39.39,1,0.0,0.0,28,4,8,3,0,37,13.0,35.14,0,0.0,0.0,6,2.0,33.33,0,0.0,0.0,1,1.0,100.0,14,1.0,7.14,39,16.0,41.03,5,Benfica
2025-11-01,Vitória Guimarães - Benfica 0:3,Portugal. Primeira Liga,97,Benfica,4-2-3-1,3,3.06,21,10.0,47.62,531,474.0,89.27,63.27,82,13.0,23.0,46.0,66,19.0,31.0,16.0,183,100.0,54.64,Liga Portugal,Vitória Guimarães,Benfica,0:3,0.0,3.0,False,3.0,0.0,Win,balanced,17.75,5.53,6.78,7.03,16.85,19.28,0.0,3.0,173,147.0,84.97,72,66.0,91.67,216,198.0,91.67,36,19.0,52.78,70,56.0,80.0,67,57.0,85.07,0,0.0,0.0,18,18.0,100.0,6,0,10,3.0,30.0,62,48.0,77.42,31,13.0,41.94,1,1.0,100.0,26,5,11,4,0,31,12.0,38.71,0,0.0,0.0,7,4.0,57.14,2,0.0,0.0,0,0.0,0.0,16,6.0,37.5,76,35.0,46.05,0,Benfica
2025-10-25,Benfica - Arouca 5:0,Portugal. Primeira Liga,99,Benfica,4-4-2,5,3.49,16,8.0,50.0,459,398.0,86.71,52.25,85,9.0,30.0,46.0,85,22.0,47.0,16.0,189,101.0,53.44,Liga Portugal,Benfica,Arouca,5:0,5.0,0.0,True,5.0,0.0,Win,balanced,16.98,4.64,10.46,7.76,15.67,20.98,5.0,0.0,135,113.0,83.7,68,64.0,94.12,184,163.0,88.59,48,33.0,68.75,56,43.0,76.79,69,58.0,84.06,10,5.0,50.0,6,6.0,100.0,5,0,4,0.0,0.0,57,35.0,61.4,21,13.0,61.9,2,0.0,0.0,37,18,13,2,0,29,7.0,24.14,4,1.0,25.0,9,4.0,44.44,3,0.0,0.0,3,3.0,100.0,15,3.0,20.0,80,33.0,41.25,4,Benfica
2025-10-05,Porto - Benfica 0:0,Portugal. Primeira Liga,97,Benfica,4-2-3-1,0,0.15,3,1.0,33.33,398,329.0,82.66,42.11,99,33.0,38.0,28.0,63,40.0,17.0,6.0,186,90.0,48.39,Liga Portugal,Porto,Benfica,0:0,0.0,0.0,False,0.0,0.0,Draw,balanced,17.37,4.74,11.06,15.32,19.77,18.19,0.0,0.0,142,103.0,72.54,65,62.0,95.38,124,112.0,90.32,44,24.0,54.55,39,27.0,69.23,65,33.0,50.77,0,0.0,0.0,10,10.0,100.0,16,0,9,2.0,22.22,66,49.0,74.24,27,9.0,33.33,2,0.0,0.0,48,12,6,2,0,16,1.0,6.25,0,0.0,0.0,3,1.0,33.33,4,0.0,0.0,0,0.0,0.0,5,1.0,20.0,70,26.0,37.14,0,Benfica
2025-09-26,Benfica - Gil Vicente 2:1,Portugal. Primeira Liga,105,Benfica,4-2-3-1,2,1.48,9,4.0,44.44,343,279.0,81.34,49.06,118,24.0,43.0,51.0,83,35.0,35.0,13.0,246,125.0,50.81,Liga Portugal,Benfica,Gil Vicente,2:1,2.0,1.0,True,2.0,1.0,Win,balanced,14.99,2.91,11.37,15.33,19.9,18.78,2.0,1.0,122,89.0,72.95,53,48.0,90.57,102,91.0,89.22,39,18.0,46.15,44,29.0,65.91,58,39.0,67.24,1,0.0,0.0,23,20.0,86.96,12,1,13,6.0,46.15,74,43.0,58.11,57,34.0,59.65,2,1.0,50.0,28,24,14,3,0,31,5.0,16.13,0,0.0,0.0,0,0.0,0.0,3,1.0,33.33,1,1.0,100.0,11,3.0,27.27,93,40.0,43.01,0,Benfica
2025-09-23,Benfica - Rio Ave 1:1,Portugal. Primeira Liga,102,Benfica,4-3-3,1,2.2,17,7.0,41.18,572,496.0,86.71,67.2,122,9.0,26.0,87.0,96,23.0,47.0,26.0,209,115.0,55.02,Liga Portugal,Benfica,Rio Ave,1:1,1.0,1.0,True,1.0,1.0,Draw,balanced,16.06,5.11,5.94,5.92,14.99,18.86,1.0,1.0,186,158.0,84.95,86,83.0,96.51,205,179.0,87.32,34,25.0,73.53,86,75.0,87.21,95,88.0,92.63,3,1.0,33.33,31,31.0,100.0,4,1,4,2.0,50.0,77,54.0,70.13,30,14.0,46.67,4,1.0,25.0,21,10,15,3,0,50,10.0,20.0,2,1.0,50.0,11,3.0,27.27,6,0.0,0.0,0,0.0,0.0,29,11.0,37.93,80,36.0,45.0,2,Benfica
2025-09-20,AVS  - Benfica 0:3,Portugal. Primeira Liga,99,Benfica,4-4-2,3,2.2,18,6.0,33.33,509,454.0,89.19,59.4,104,26.0,31.0,47.0,79,36.0,26.0,17.0,183,95.0,51.91,Liga Portugal,AVS,Benfica,0:3,0.0,3.0,False,3.0,0.0,Win,balanced,16.59,5.25,8.25,9.86,18.16,18.0,0.0,3.0,145,117.0,80.69,78,73.0,93.59,201,187.0,93.03,42,27.0,64.29,61,42.0,68.85,69,57.0,82.61,3,2.0,66.67,17,16.0,94.12,9,0,6,1.0,16.67,62,40.0,64.52,47,24.0,51.06,3,2.0,66.67,24,19,11,1,0,32,10.0,31.25,0,0.0,0.0,1,1.0,100.0,4,0.0,0.0,1,1.0,100.0,8,4.0,50.0,59,22.0,37.29,3,Benfica
2025-09-12,Benfica - Santa Clara 1:1,Portugal. Primeira Liga,100,Benfica,4-4-2,1,1.51,17,7.0,41.18,737,661.0,89.69,77.04,106,5.0,28.0,73.0,80,16.0,43.0,21.0,182,100.0,54.95,Liga Portugal,Benfica,Santa Clara,1:1,1.0,1.0,True,1.0,1.0,Draw,balanced,16.51,7.6,6.65,7.08,18.67,18.99,1.0,1.0,178,149.0,83.71,90,87.0,96.67,350,322.0,92.0,49,31.0,63.27,96,86.0,89.58,86,72.0,83.72,0,0.0,0.0,25,24.0,96.0,3,1,7,5.0,71.43,60,37.0,61.67,50,31.0,62.0,2,1.0,50.0,14,8,8,1,0,56,13.0,23.21,0,0.0,0.0,4,0.0,0.0,4,3.0,75.0,0,0.0,0.0,33,9.0,27.27,55,25.0,45.45,2,Benfica
2025-08-31,Alverca - Benfica 1:2,Portugal. Primeira Liga,97,Benfica,3-5-2,2,1.15,6,2.0,33.33,482,425.0,88.17,54.85,86,23.0,17.0,46.0,61,29.0,21.0,11.0,164,88.0,53.66,Liga Portugal,Alverca,Benfica,1:2,1.0,2.0,False,2.0,1.0,Win,balanced,16.66,6.89,7.05,7.12,14.71,17.74,1.0,2.0,142,113.0,79.58,98,92.0,93.88,168,154.0,91.67,34,18.0,52.94,61,50.0,81.97,54,40.0,74.07,2,1.0,50.0,13,12.0,92.31,4,1,8,4.0,50.0,79,47.0,59.49,25,12.0,48.0,2,0.0,0.0,32,21,18,5,1,21,4.0,19.05,0,0.0,0.0,2,0.0,0.0,0,1.0,0.0,0,0.0,0.0,12,3.0,25.0,48,21.0,43.75,0,Benfica
2025-08-23,Benfica - Tondela 3:0,Portugal. Primeira Liga,97,Benfica,4-4-2,3,2.4,19,10.0,52.63,556,488.0,87.77,63.58,101,16.0,33.0,52.0,71,30.0,28.0,13.0,178,95.0,53.37,Liga Portugal,Benfica,Tondela,3:0,3.0,0.0,True,3.0,0.0,Win,balanced,17.21,5.4,5.76,9.57,14.42,17.63,3.0,0.0,152,125.0,82.24,77,70.0,90.91,229,210.0,91.7,32,20.0,62.5,56,42.0,75.0,59,46.0,77.97,1,1.0,100.0,20,19.0,95.0,5,0,9,4.0,44.44,65,44.0,67.69,32,17.0,53.13,5,2.0,40.0,37,16,9,2,0,29,13.0,44.83,0,0.0,0.0,13,3.0,23.08,0,0.0,0.0,0,0.0,0.0,19,6.0,31.58,65,30.0,46.15,1,Benfica
2025-08-16,Estrela Amadora - Benfica 0:1,Portugal. Primeira Liga,100,Benfica,4-4-2,1,2.2,13,3.0,23.08,347,291.0,83.86,58.08,94,12.0,36.0,46.0,76,30.0,35.0,11.0,175,78.0,44.57,Liga Portugal,Estrela Amadora,Benfica,0:1,0.0,1.0,False,1.0,0.0,Win,balanced,16.0,3.77,10.66,5.82,18.07,19.21,0.0,1.0,127,95.0,74.8,53,44.0,83.02,112,103.0,91.96,37,21.0,56.76,48,35.0,72.92,60,49.0,81.67,0,0.0,0.0,24,24.0,100.0,12,0,14,2.0,14.29,57,33.0,57.89,53,22.0,41.51,1,0.0,0.0,23,13,23,3,0,21,6.0,28.57,0,0.0,0.0,4,2.0,50.0,4,0.0,0.0,1,1.0,100.0,8,6.0,75.0,38,13.0,34.21,1,Benfica
2026-03-07,Sporting Braga - Sporting CP 2:2,Portugal. Primeira Liga,102,Sporting CP,4-2-3-1,2,1.31,12,4.0,33.33,329,276.0,83.89,35.68,78,21.0,24.0,33.0,61,33.0,20.0,8.0,160,78.0,48.75,Liga Portugal,Sporting Braga,Sporting CP,2:2,2.0,2.0,False,2.0,2.0,Draw,balanced,17.03,4.22,11.85,23.06,23.78,18.72,2.0,2.0,118,86.0,72.88,51,50.0,98.04,109,98.0,89.91,39,22.0,56.41,43,32.0,74.42,60,37.0,61.67,0,0.0,0.0,14,14.0,100.0,5,2,8,3.0,37.5,60,37.0,61.67,18,8.0,44.44,1,1.0,100.0,36,10,13,3,0,14,6.0,42.86,3,1.0,33.33,5,4.0,80.0,3,0.0,0.0,1,1.0,100.0,6,1.0,16.67,51,22.0,43.14,0,Sporting
2026-02-27,Sporting CP - Estoril 3:0,Portugal. Primeira Liga,96,Sporting CP,4-4-2,3,2.61,14,8.0,57.14,511,453.0,88.65,54.1,95,13.0,37.0,45.0,83,45.0,21.0,17.0,195,101.0,51.79,Liga Portugal,Sporting CP,Estoril,3:0,3.0,0.0,True,3.0,0.0,Win,balanced,16.82,5.44,8.22,12.44,14.6,17.79,3.0,0.0,169,139.0,82.25,95,92.0,96.84,165,150.0,90.91,42,28.0,66.67,55,45.0,81.82,75,61.0,81.33,4,2.0,50.0,14,14.0,100.0,6,0,7,3.0,42.86,65,46.0,70.77,22,14.0,63.64,0,0.0,0.0,32,16,9,2,0,27,9.0,33.33,0,0.0,0.0,4,2.0,50.0,1,0.0,0.0,0,0.0,0.0,13,4.0,30.77,82,30.0,36.59,1,Sporting
2026-02-21,Moreirense - Sporting CP 0:3,Portugal. Primeira Liga,96,Sporting CP,4-4-2,3,2.08,15,8.0,53.33,595,526.0,88.4,64.92,87,10.0,25.0,52.0,70,27.0,29.0,14.0,198,84.0,42.42,Liga Portugal,Moreirense,Sporting CP,0:3,0.0,3.0,False,3.0,0.0,Win,balanced,16.41,6.33,7.9,8.74,17.0,18.91,0.0,3.0,180,144.0,80.0,87,84.0,96.55,238,220.0,92.44,47,27.0,57.45,81,62.0,76.54,97,81.0,83.51,0,0.0,0.0,25,24.0,96.0,6,0,6,2.0,33.33,68,41.0,60.29,29,11.0,37.93,0,0.0,0.0,19,1,14,1,0,34,9.0,26.47,1,0.0,0.0,8,2.0,25.0,0,0.0,0.0,0,0.0,0.0,17,7.0,41.18,84,25.0,29.76,0,Sporting
2026-02-15,Sporting CP - Famalicão 1:0,Portugal. Primeira Liga,103,Sporting CP,4-4-2,1,2.5,20,5.0,25.0,597,520.0,87.1,68.21,107,13.0,34.0,60.0,84,25.0,47.0,12.0,202,101.0,50.0,Liga Portugal,Sporting CP,Famalicão,1:0,1.0,0.0,True,1.0,0.0,Win,balanced,17.12,5.06,5.7,4.53,15.55,19.23,1.0,0.0,169,137.0,81.07,95,91.0,95.79,218,199.0,91.28,34,22.0,64.71,74,61.0,82.43,99,83.0,83.84,0,0.0,0.0,27,24.0,88.89,1,0,2,1.0,50.0,63,41.0,65.08,34,14.0,41.18,2,1.0,50.0,25,8,17,3,0,50,10.0,20.0,0,0.0,0.0,14,4.0,28.57,3,1.0,33.33,0,0.0,0.0,22,8.0,36.36,69,29.0,42.03,3,Sporting
2026-02-09,Porto - Sporting CP 1:1,Portugal. Primeira Liga,107,Sporting CP,4-2-3-1,1,2.09,11,2.0,18.18,451,396.0,87.8,57.04,98,23.0,42.0,33.0,82,36.0,35.0,11.0,165,79.0,47.88,Liga Portugal,Porto,Sporting CP,1:1,1.0,1.0,False,1.0,1.0,Draw,balanced,15.31,5.01,9.09,9.43,17.71,17.95,1.0,1.0,157,119.0,75.8,89,88.0,98.88,146,141.0,96.58,41,24.0,58.54,55,48.0,87.27,64,48.0,75.0,0,0.0,0.0,16,15.0,93.75,7,1,9,1.0,11.11,50,35.0,70.0,22,8.0,36.36,1,0.0,0.0,42,12,13,5,0,24,9.0,37.5,0,0.0,0.0,8,1.0,12.5,0,0.0,0.0,1,0.0,0.0,18,8.0,44.44,66,26.0,39.39,0,Sporting
2026-02-01,Sporting CP - Nacional 2:1,Portugal. Primeira Liga,101,Sporting CP,4-2-3-1,2,2.05,12,7.0,58.33,547,452.0,82.63,61.5,135,14.0,47.0,74.0,98,30.0,48.0,20.0,185,93.0,50.27,Liga Portugal,Sporting CP,Nacional,2:1,2.0,1.0,True,2.0,1.0,Win,balanced,15.98,5.06,7.31,8.61,15.02,18.27,2.0,1.0,186,135.0,72.58,86,80.0,93.02,176,160.0,90.91,40,22.0,55.0,59,39.0,66.1,72,48.0,66.67,4,1.0,25.0,23,23.0,100.0,4,1,4,3.0,75.0,57,36.0,63.16,30,13.0,43.33,1,1.0,100.0,30,9,12,0,0,35,7.0,20.0,0,0.0,0.0,11,3.0,27.27,3,0.0,0.0,0,0.0,0.0,27,8.0,29.63,82,39.0,47.56,3,Sporting
2026-01-24,Arouca - Sporting CP 1:2,Portugal. Primeira Liga,100,Sporting CP,4-4-2,2,2.92,15,4.0,26.67,615,546.0,88.78,63.66,93,11.0,22.0,60.0,75,26.0,37.0,12.0,198,97.0,48.99,Liga Portugal,Arouca,Sporting CP,1:2,1.0,2.0,False,2.0,1.0,Win,balanced,17.72,6.34,5.53,7.76,12.91,17.92,1.0,2.0,183,158.0,86.34,95,86.0,90.53,247,230.0,93.12,34,25.0,73.53,80,65.0,81.25,86,77.0,89.53,5,3.0,60.0,15,15.0,100.0,3,1,11,6.0,54.55,52,34.0,65.38,33,18.0,54.55,1,1.0,100.0,31,12,11,4,1,38,8.0,21.05,1,0.0,0.0,7,2.0,28.57,1,1.0,100.0,0,0.0,0.0,20,9.0,45.0,83,28.0,33.73,1,Sporting
2026-01-16,Sporting CP - Casa Pia AC 3:0,Portugal. Primeira Liga,99,Sporting CP,5-3-2,3,2.2,15,4.0,26.67,494,429.0,86.84,63.28,98,10.0,25.0,63.0,80,28.0,34.0,18.0,193,95.0,49.22,Liga Portugal,Sporting CP,Casa Pia AC,3:0,3.0,0.0,True,3.0,0.0,Win,balanced,16.46,5.74,7.29,5.37,18.56,17.44,3.0,0.0,157,124.0,78.98,82,76.0,92.68,176,159.0,90.34,36,19.0,52.78,74,63.0,85.14,74,59.0,79.73,3,0.0,0.0,16,15.0,93.75,3,0,6,1.0,16.67,66,46.0,69.7,36,18.0,50.0,0,0.0,0.0,39,12,12,0,0,32,8.0,25.0,0,0.0,0.0,4,0.0,0.0,3,1.0,33.33,0,0.0,0.0,10,4.0,40.0,70,18.0,25.71,2,Sporting
2026-01-02,Gil Vicente - Sporting CP 1:1,Portugal. Primeira Liga,101,Sporting CP,4-2-3-1,1,1.33,12,4.0,33.33,446,389.0,87.22,62.2,88,18.0,32.0,38.0,78,28.0,40.0,10.0,183,84.0,45.9,Liga Portugal,Gil Vicente,Sporting CP,1:1,1.0,1.0,False,1.0,1.0,Draw,balanced,15.85,4.37,8.3,4.52,18.17,18.33,1.0,1.0,130,97.0,74.62,62,60.0,96.77,180,168.0,93.33,37,21.0,56.76,43,29.0,67.44,58,45.0,77.59,1,1.0,100.0,11,10.0,90.91,5,1,17,9.0,52.94,48,27.0,56.25,47,18.0,38.3,0,0.0,0.0,37,22,13,4,1,18,4.0,22.22,1,1.0,100.0,7,2.0,28.57,2,0.0,0.0,0,0.0,0.0,15,4.0,26.67,69,29.0,42.03,0,Sporting
2025-12-28,Sporting CP - Rio Ave 4:0,Portugal. Primeira Liga,94,Sporting CP,4-4-2,4,5.2,21,12.0,57.14,603,538.0,89.22,61.19,79,8.0,17.0,54.0,69,24.0,29.0,16.0,161,86.0,53.42,Liga Portugal,Sporting CP,Rio Ave,4:0,4.0,0.0,True,4.0,0.0,Win,balanced,17.42,6.7,4.31,9.57,12.85,18.43,4.0,0.0,179,148.0,82.68,75,70.0,93.33,228,217.0,95.18,26,15.0,57.69,90,78.0,86.67,92,83.0,90.22,3,3.0,100.0,13,13.0,100.0,3,0,5,0.0,0.0,79,58.0,73.42,20,6.0,30.0,3,2.0,66.67,19,4,13,1,0,48,17.0,35.42,1,1.0,100.0,8,2.0,25.0,2,0.0,0.0,0,0.0,0.0,15,7.0,46.67,50,16.0,32.0,0,Sporting
2025-12-23,Vitória Guimarães - Sporting CP 1:4,Portugal. Primeira Liga,100,Sporting CP,4-2-3-1,4,2.61,15,6.0,40.0,409,352.0,86.06,55.48,96,28.0,32.0,36.0,68,32.0,26.0,10.0,195,93.0,47.69,Liga Portugal,Vitória Guimarães,Sporting CP,1:4,1.0,4.0,False,4.0,1.0,Win,balanced,16.51,4.65,7.09,8.39,15.65,18.38,1.0,4.0,156,118.0,75.64,53,52.0,98.11,150,141.0,94.0,29,16.0,55.17,50,36.0,72.0,62,43.0,69.35,0,0.0,0.0,7,7.0,100.0,10,1,16,6.0,37.5,65,40.0,61.54,33,14.0,42.42,2,0.0,0.0,38,27,13,5,0,20,4.0,20.0,0,0.0,0.0,5,2.0,40.0,3,2.0,66.67,0,0.0,0.0,11,7.0,63.64,62,23.0,37.1,1,Sporting
2025-12-13,Sporting CP - AVS  6:0,Portugal. Primeira Liga,95,Sporting CP,4-2-3-1,6,2.82,24,16.0,66.67,533,468.0,87.8,65.36,90,5.0,27.0,58.0,77,32.0,31.0,14.0,171,92.0,53.8,Liga Portugal,Sporting CP,AVS,6:0,6.0,0.0,True,6.0,0.0,Win,balanced,17.57,6.2,6.0,5.08,17.48,16.64,6.0,0.0,173,136.0,78.61,70,67.0,95.71,184,170.0,92.39,32,16.0,50.0,68,55.0,80.88,65,49.0,75.38,2,0.0,0.0,15,14.0,93.33,1,0,7,4.0,57.14,49,30.0,61.22,39,19.0,48.72,2,0.0,0.0,28,7,12,1,0,36,13.0,36.11,0,0.0,0.0,8,5.0,62.5,2,1.0,50.0,0,0.0,0.0,18,8.0,44.44,58,27.0,46.55,0,Sporting
2025-12-05,Benfica - Sporting CP 1:1,Portugal. Primeira Liga,99,Sporting CP,4-2-3-1,1,0.58,5,2.0,40.0,517,461.0,89.17,54.37,100,24.0,45.0,31.0,64,24.0,31.0,9.0,207,85.0,41.06,Liga Portugal,Benfica,Sporting CP,1:1,1.0,1.0,False,1.0,1.0,Draw,balanced,18.26,5.88,6.38,8.0,18.19,18.33,1.0,1.0,135,108.0,80.0,78,70.0,89.74,235,224.0,95.32,33,21.0,63.64,33,25.0,75.76,63,35.0,55.56,0,0.0,0.0,17,17.0,100.0,4,1,8,4.0,50.0,62,35.0,56.45,24,11.0,45.83,3,1.0,33.33,30,15,20,5,0,21,4.0,19.05,1,1.0,100.0,2,0.0,0.0,1,0.0,0.0,0,0.0,0.0,6,1.0,16.67,92,26.0,28.26,1,Sporting
2025-11-30,Sporting CP - Estrela Amadora 4:0,Portugal. Primeira Liga,97,Sporting CP,4-4-2,4,1.73,18,6.0,33.33,584,528.0,90.41,62.24,92,15.0,22.0,55.0,70,24.0,30.0,16.0,174,95.0,54.6,Liga Portugal,Sporting CP,Estrela Amadora,4:0,4.0,0.0,True,4.0,0.0,Win,balanced,17.25,6.49,3.77,8.46,17.29,18.29,4.0,0.0,177,152.0,85.88,115,106.0,92.17,215,205.0,95.35,22,15.0,68.18,64,51.0,79.69,76,64.0,84.21,0,0.0,0.0,23,20.0,86.96,2,0,5,3.0,60.0,76,54.0,71.05,22,12.0,54.55,1,1.0,100.0,21,8,12,1,0,41,11.0,26.83,1,1.0,100.0,5,2.0,40.0,1,1.0,100.0,0,0.0,0.0,9,4.0,44.44,67,26.0,38.81,1,Sporting
2025-11-08,Santa Clara - Sporting CP 1:2,Portugal. Primeira Liga,101,Sporting CP,4-2-3-1,2,2.56,20,8.0,40.0,673,589.0,87.52,68.77,112,9.0,30.0,73.0,99,35.0,38.0,26.0,209,96.0,45.93,Liga Portugal,Santa Clara,Sporting CP,1:2,1.0,2.0,False,2.0,1.0,Win,balanced,18.92,6.17,5.65,6.0,15.93,16.95,1.0,2.0,193,154.0,79.79,98,94.0,95.92,249,224.0,89.96,38,16.0,42.11,92,76.0,82.61,90,71.0,78.89,3,0.0,0.0,13,12.0,92.31,4,1,5,2.0,40.0,56,33.0,58.93,36,20.0,55.56,2,0.0,0.0,29,11,12,4,1,52,14.0,26.92,0,0.0,0.0,12,2.0,16.67,0,0.0,0.0,0,0.0,0.0,24,11.0,45.83,90,33.0,36.67,0,Sporting
2025-10-31,Sporting CP - Alverca 2:0,Portugal. Primeira Liga,98,Sporting CP,4-2-3-1,2,3.23,24,8.0,33.33,637,575.0,90.27,67.64,91,8.0,19.0,64.0,84,28.0,35.0,21.0,199,100.0,50.25,Liga Portugal,Sporting CP,Alverca,2:0,2.0,0.0,True,2.0,0.0,Win,balanced,16.35,6.37,5.02,7.06,16.03,18.33,2.0,0.0,175,150.0,85.71,62,57.0,91.94,262,246.0,93.89,32,22.0,68.75,73,65.0,89.04,69,60.0,86.96,2,2.0,100.0,15,14.0,93.33,7,0,8,0.0,0.0,80,54.0,67.5,25,10.0,40.0,1,1.0,100.0,26,3,8,1,0,44,14.0,31.82,1,1.0,100.0,10,3.0,30.0,1,1.0,100.0,0,0.0,0.0,23,8.0,34.78,70,22.0,31.43,1,Sporting
2025-10-26,Tondela - Sporting CP 0:3,Portugal. Primeira Liga,94,Sporting CP,4-2-3-1,3,4.06,27,15.0,55.56,541,466.0,86.14,65.51,116,21.0,40.0,55.0,91,31.0,38.0,22.0,189,110.0,58.2,Liga Portugal,Tondela,Sporting CP,0:3,0.0,3.0,False,3.0,0.0,Win,balanced,15.9,4.92,5.91,6.96,16.79,17.95,0.0,3.0,178,134.0,75.28,84,82.0,97.62,185,167.0,90.27,32,15.0,46.88,68,53.0,77.94,74,58.0,78.38,3,1.0,33.33,25,22.0,88.0,8,0,9,2.0,22.22,57,37.0,64.91,25,19.0,76.0,2,1.0,50.0,36,16,11,1,0,44,18.0,40.91,2,2.0,100.0,9,4.0,44.44,1,1.0,100.0,0,0.0,0.0,21,6.0,28.57,100,51.0,51.0,0,Sporting
2025-10-05,Sporting CP - Sporting Braga 1:1,Portugal. Primeira Liga,104,Sporting CP,4-2-3-1,1,1.55,13,3.0,23.08,408,339.0,83.09,46.26,96,12.0,50.0,34.0,75,33.0,32.0,10.0,136,67.0,49.26,Liga Portugal,Sporting CP,Sporting Braga,1:1,1.0,1.0,True,1.0,1.0,Draw,balanced,15.98,4.21,13.73,15.58,16.17,21.45,1.0,1.0,141,103.0,73.05,60,53.0,88.33,161,146.0,90.68,56,34.0,60.71,39,25.0,64.1,85,60.0,70.59,2,2.0,100.0,16,15.0,93.75,8,1,11,5.0,45.45,42,26.0,61.9,25,8.0,32.0,3,2.0,66.67,32,7,18,4,0,24,10.0,41.67,1,1.0,100.0,1,0.0,0.0,0,0.0,0.0,0,0.0,0.0,12,8.0,66.67,53,28.0,52.83,2,Sporting
2025-09-27,Estoril - Sporting CP 0:1,Portugal. Primeira Liga,97,Sporting CP,4-2-3-1,1,0.92,7,1.0,14.29,589,500.0,84.89,62.64,116,22.0,42.0,52.0,81,31.0,42.0,8.0,160,83.0,51.88,Liga Portugal,Estoril,Sporting CP,0:1,0.0,1.0,False,1.0,0.0,Win,balanced,17.01,5.95,6.79,7.85,19.78,17.85,0.0,1.0,201,152.0,75.62,108,104.0,96.3,197,184.0,93.4,40,18.0,45.0,78,58.0,74.36,89,55.0,61.8,0,0.0,0.0,17,17.0,100.0,8,0,7,2.0,28.57,67,34.0,50.75,21,10.0,47.62,3,0.0,0.0,38,8,12,2,0,27,5.0,18.52,0,0.0,0.0,9,2.0,22.22,0,0.0,0.0,0,0.0,0.0,9,5.0,55.56,62,35.0,56.45,3,Sporting
2025-09-22,Sporting CP - Moreirense 3:0,Portugal. Primeira Liga,97,Sporting CP,4-2-3-1,3,5.24,26,13.0,50.0,583,506.0,86.79,62.92,106,13.0,23.0,70.0,93,20.0,53.0,20.0,187,110.0,58.82,Liga Portugal,Sporting CP,Moreirense,3:0,3.0,0.0,True,3.0,0.0,Win,balanced,17.46,5.61,6.52,6.29,16.51,18.43,3.0,0.0,176,141.0,80.11,81,79.0,97.53,232,211.0,90.95,38,26.0,68.42,87,77.0,88.51,92,82.0,89.13,4,1.0,25.0,13,13.0,100.0,1,0,3,0.0,0.0,66,48.0,72.73,22,11.0,50.0,6,4.0,66.67,37,11,16,1,0,44,18.0,40.91,1,1.0,100.0,6,2.0,33.33,0,0.0,0.0,2,2.0,100.0,20,7.0,35.0,77,41.0,53.25,0,Sporting
2025-09-13,Famalicão - Sporting CP 1:2,Portugal. Primeira Liga,103,Sporting CP,4-2-3-1,2,1.09,9,4.0,44.44,452,388.0,85.84,55.89,97,16.0,38.0,43.0,81,37.0,34.0,10.0,209,100.0,47.85,Liga Portugal,Famalicão,Sporting CP,1:2,1.0,2.0,False,2.0,1.0,Win,balanced,16.7,4.57,8.41,7.47,16.61,19.65,1.0,2.0,147,107.0,72.79,61,60.0,98.36,194,176.0,90.72,38,16.0,42.11,49,27.0,55.1,61,43.0,70.49,1,1.0,100.0,11,10.0,90.91,4,1,8,3.0,37.5,62,33.0,53.23,29,15.0,51.72,1,1.0,100.0,34,18,17,3,0,19,7.0,36.84,0,0.0,0.0,4,1.0,25.0,2,1.0,50.0,0,0.0,0.0,10,3.0,30.0,84,42.0,50.0,6,Sporting
2025-08-30,Sporting CP - Porto 1:2,Portugal. Primeira Liga,99,Sporting CP,4-4-2,1,1.91,22,3.0,13.64,451,376.0,83.37,52.9,105,20.0,46.0,39.0,74,29.0,32.0,13.0,232,115.0,49.57,Liga Portugal,Sporting CP,Porto,1:2,1.0,2.0,True,1.0,2.0,Loss,balanced,16.98,4.21,9.09,11.09,20.23,20.34,1.0,2.0,149,110.0,73.83,66,63.0,95.45,179,155.0,86.59,41,25.0,60.98,60,49.0,81.67,86,62.0,72.09,2,0.0,0.0,27,24.0,88.89,5,2,14,7.0,50.0,91,58.0,63.74,38,12.0,31.58,4,2.0,50.0,21,11,8,3,0,34,12.0,35.29,1,1.0,100.0,5,1.0,20.0,3,3.0,100.0,0,0.0,0.0,20,5.0,25.0,80,34.0,42.5,1,Sporting
2025-08-23,Nacional - Sporting CP 1:4,Portugal. Primeira Liga,98,Sporting CP,4-4-2,4,2.97,26,6.0,23.08,484,414.0,85.54,69.69,103,11.0,26.0,66.0,90,37.0,33.0,20.0,167,98.0,58.68,Liga Portugal,Nacional,Sporting CP,1:4,1.0,4.0,False,4.0,1.0,Win,balanced,17.0,4.65,6.4,5.29,18.38,17.85,1.0,4.0,164,129.0,78.66,71,68.0,95.77,165,148.0,89.7,31,19.0,61.29,67,54.0,80.6,89,76.0,85.39,1,0.0,0.0,16,14.0,87.5,2,1,2,1.0,50.0,51,34.0,66.67,35,20.0,57.14,1,1.0,100.0,20,6,7,2,0,38,15.0,39.47,1,0.0,0.0,13,4.0,30.77,5,1.0,20.0,0,0.0,0.0,24,7.0,29.17,60,29.0,48.33,1,Sporting
2025-08-17,Sporting CP - Arouca 6:0,Portugal. Primeira Liga,96,Sporting CP,5-4-1,6,3.22,19,11.0,57.89,560,502.0,89.64,57.09,78,4.0,17.0,57.0,73,17.0,42.0,14.0,152,73.0,48.03,Liga Portugal,Sporting CP,Arouca,6:0,6.0,0.0,True,6.0,0.0,Win,balanced,17.33,5.89,5.71,11.0,18.71,17.6,6.0,0.0,175,143.0,81.71,80,79.0,98.75,192,180.0,93.75,32,13.0,40.63,87,66.0,75.86,69,60.0,86.96,2,0.0,0.0,19,18.0,94.74,2,0,5,1.0,20.0,53,34.0,64.15,18,13.0,72.22,1,1.0,100.0,27,6,6,1,0,47,14.0,29.79,0,0.0,0.0,6,2.0,33.33,1,0.0,0.0,1,1.0,100.0,11,2.0,18.18,57,15.0,26.32,2,Sporting
2025-08-08,Casa Pia AC - Sporting CP 0:2,Portugal. Primeira Liga,99,Sporting CP,4-2-3-1,2,3.25,25,10.0,40.0,542,469.0,86.53,63.74,104,27.0,29.0,48.0,68,24.0,25.0,19.0,174,94.0,54.02,Liga Portugal,Casa Pia AC,Sporting CP,0:2,0.0,2.0,False,2.0,0.0,Win,balanced,18.17,5.02,5.9,7.58,17.3,18.08,0.0,2.0,175,138.0,78.86,80,78.0,97.5,208,186.0,89.42,32,19.0,59.38,68,53.0,77.94,76,58.0,76.32,4,2.0,50.0,23,23.0,100.0,7,0,7,2.0,28.57,60,43.0,71.67,26,10.0,38.46,0,0.0,0.0,17,14,11,1,0,43,17.0,39.53,4,2.0,50.0,9,4.0,44.44,2,1.0,50.0,0,0.0,0.0,20,4.0,20.0,67,29.0,43.28,1,Sporting
